{"cameraMode":{"drawMode":2,"name":"Shaded Wireframe","section":"Shading Mode"},"sceneLighting":false,"audioPlay":false,"sceneViewState":{"m_AlwaysRefresh":false,"showFog":true,"showSkybox":false,"showFlares":true,"showImageEffects":true,"showParticleSystems":true,"showVisualEffectGraphs":true,"m_FxEnabled":true},"in2DMode":false,"pivot":{"x":0.6023401021957398,"y":2.512197971343994,"z":-0.10387325286865235},"rotation":{"x":-0.0040565840899944309,"y":0.994877815246582,"z":-0.09068240225315094,"w":-0.044504400342702869},"size":2.7609503269195558,"orthographic":true}