{"cameraMode":{"drawMode":0,"name":"Shaded","section":"Shading Mode"},"sceneLighting":true,"audioPlay":false,"sceneViewState":{"m_AlwaysRefresh":false,"showFog":true,"showSkybox":true,"showFlares":true,"showImageEffects":true,"showParticleSystems":true,"showVisualEffectGraphs":true,"m_FxEnabled":true},"in2DMode":false,"pivot":{"x":408.3405456542969,"y":250.1837158203125,"z":17.26824951171875},"rotation":{"x":-0.0014990277122706175,"y":-0.03599219024181366,"z":-0.00005398833309300244,"w":0.9993509650230408},"size":180.80752563476563,"orthographic":true}